Metric,Value
IoU,0.4560442196206145
Dice,0.4989983615155908
Precision,0.6527472527472528
Recall,0.12019425333872925
F1,0.20300751879699247
